Nowak,0.0160108
Kowalska,0.0103296
Wiśniewska,0.00813653
Wójcik,0.00735284
Kowalczyk,0.00718441
Kamińska,0.00701746
Lewandowska,0.00696922
Dąbrowska,0.00684551
Zielińska,0.00677628
Szymańska,0.00663305
Woźniak,0.00653533
Kozłowska,0.00563905
Jankowska,0.00509631
Mazur,0.0049701
Kwiatkowska,0.0049659
Wojciechowska,0.00496046
Krawczyk,0.004743
Kaczmarek,0.00460045
Piotrowska,0.00459364
Grabowska,0.00432102
Pawłowska,0.0041384
Michalska,0.00408642
Zając,0.00403206
Król,0.00397588
Nowakowska,0.00392174
Wieczorek,0.00380246
Jabłońska,0.00373674
Wróbel,0.00369214
Adamczyk,0.00368646
Majewska,0.00368056
Dudek,0.00360758
Nowicka,0.00359067
Olszewska,0.00354493
Jaworska,0.00351384
Malinowska,0.00349397
Stępień,0.00346254
Górska,0.00336516
Pawlak,0.00334666
Witkowska,0.00333394
Walczak,0.0032739
Sikora,0.00324848
Rutkowska,0.00324508
Michalak,0.00316972
Szewczyk,0.00314259
Ostrowska,0.00311921
Baran,0.00309458
Tomaszewska,0.00300503
Pietrzak,0.00292309
Wróblewska,0.00287633
Zalewska,0.00287406
Marciniak,0.00286952
Jasińska,0.00285613
Duda,0.00282968
Jakubowska,0.00281447
Zawadzka,0.00280868
Sadowska,0.00279211
Włodarczyk,0.00266364
Bąk,0.00265864
Chmielewska,0.00264275
Borkowska,0.00262743
Wilk,0.00258646
Sokołowska,0.00257341
Szczepańska,0.00252608
Sawicka,0.00252233
Kucharska,0.00246684
Lis,0.00244323
Maciejewska,0.00241644
Kubiak,0.00239125
Kalinowska,0.00238818
Czarnecka,0.00238682
Mazurek,0.00237899
Wysocka,0.00237036
Urbańska,0.00228059
Kołodziej,0.00227139
Kaźmierczak,0.00224098
Sobczak,0.0021125
Głowacka,0.00210387
Krajewska,0.00208923
Zakrzewska,0.00208742
Sikorska,0.00208651
Adamska,0.00206585
Wasilewska,0.00205836
Krupa,0.00205428
Gajewska,0.00203158
Ziółkowska,0.00202772
Laskowska,0.00201784
Makowska,0.00200445
Szulc,0.00199719
Czerwińska,0.00198323
Szymczak,0.00197256
Brzezińska,0.0019704
Mróz,0.00196643
Przybylska,0.00196632
Baranowska,0.00196586
Błaszczyk,0.00194986
Andrzejewska,0.00194543
Kaczmarczyk,0.00193397
Borowska,0.00192149
Cieślak,0.00191729
Górecka,0.00190753
Chojnacka,0.00189459
Kania,0.00187257
Leszczyńska,0.00186871
Szczepaniak,0.00186326
Lipińska,0.00186156
Wesołowska,0.0018585
Janik,0.00185384
Kozak,0.00183478
Kowalewska,0.0018333
Mikołajczyk,0.00182104
Konieczna,0.00180992
Domańska,0.0018089
Mucha,0.00180879
Kozioł,0.00178506
Nowacka,0.00178052
Jarosz,0.00177145
Kowalik,0.00175215
Ciesielska,0.00174557
Markowska,0.00174489
Kołodziejczyk,0.00174489
Musiał,0.00173422
Zięba,0.00172957
Brzozowska,0.00171265
Orłowska,0.0016752
Tomczyk,0.00166578
Tomczak,0.00165999
Markiewicz,0.00165647
Kurek,0.00165602
Piątek,0.00165409
Pawlik,0.00165307
Kopeć,0.00164739
Żak,0.00164376
Wawrzyniak,0.00163094
Urbaniak,0.00162106
Czajkowska,0.00161686
Wolska,0.00161414
Kot,0.00160279
Polak,0.0015928
Stankiewicz,0.00159076
Wójtowicz,0.00158928
Nawrocka,0.00158838
Kruk,0.00157158
Jastrzębska,0.00155671
Łuczak,0.00154933
Stasiak,0.00154105
Wierzbicka,0.00153708
Dziedzic,0.00153322
Karpińska,0.00152652
Sowa,0.00152255
Piasecka,0.00151324
Bednarek,0.00149202
Janicka,0.0014742
Stefańska,0.00146977
Gajda,0.00146921
Klimek,0.00146898
Sosnowska,0.00146251
Bielecka,0.0014591
Dobrowolska,0.00144378
Urban,0.00144208
Jóźwiak,0.00143255
Milewska,0.00142608
Majchrzak,0.00141961
Madej,0.00140996
Maj,0.00139464
Małecka,0.00139169
Śliwińska,0.00138817
Domagała,0.00138579
Leśniak,0.00138476
Kowal,0.00137319
Socha,0.00135503
Skiba,0.00134686
Marek,0.00134584
Bednarczyk,0.00133392
Wrona,0.00132654
Romanowska,0.0013245
Matuszewska,0.00131769
Wilczyńska,0.00131054
Ratajczak,0.00130668
Olejniczak,0.00130554
Kasprzak,0.00130509
Michalik,0.00130146
Pająk,0.00128727
Świątek,0.0012766
Owczarek,0.00127354
Orzechowska,0.00127342
Kurowska,0.00126673
Sobolewska,0.00126559
Grzelak,0.00125061
Mazurkiewicz,0.00125039
Bukowska,0.00124448
Olejnik,0.00124369
Barańska,0.00123801
Kędzierska,0.00123711
Rogowska,0.00123699
Łukasik,0.00123393
Matusiak,0.00123052
Kosińska,0.0012211
Skowrońska,0.00120567
Marcinkowska,0.00119886
Rybak,0.00119852
Bednarska,0.00119262
Janiszewska,0.00118955
Sobczyk,0.00118626
Chrzanowska,0.00118365
Sroka,0.00117627
Marszałek,0.00117446
Lisowska,0.00117151
Świderska,0.00116594
Morawska,0.00116458
Kozieł,0.00116231
Zych,0.00116174
Czajka,0.00116174
Muszyńska,0.00115255
Kuczyńska,0.00115005
Kasprzyk,0.00114654
Czech,0.00114597
Grzybowska,0.00114132
Bednarz,0.00114041
Osińska,0.0011286
Marczak,0.0011244
Pluta,0.00112338
Jędrzejewska,0.00112327
Małek,0.00112316
Kwiecień,0.00112043
Białek,0.00112021
Chmiel,0.00111998
Czaja,0.00111544
Witek,0.00110908
Michałowska,0.00110761
Krzemińska,0.00110715
Turek,0.0011067
Dębska,0.00110659
Paluch,0.00110636
Kubicka,0.00110432
Żukowska,0.00110375
Cieślik,0.00109978
Marzec,0.00109592
Piekarska,0.00109558
Janowska,0.00108888
Biernacka,0.00107923
Kaczor,0.00107469
Stefaniak,0.00106925
Szydłowska,0.00106652
Staniszewska,0.00106402
Lewicka,0.00106073
Przybysz,0.00106005
Rudnicka,0.00105778
Lech,0.00105392
Gołębiewska,0.00105358
Popławska,0.00105268
Śliwa,0.00104995
Augustyniak,0.00104836
Niemiec,0.00104723
Smolińska,0.0010453
Podgórska,0.00104416
Murawska,0.00104382
Kacprzak,0.00104223
Kulesza,0.0010386
Czyż,0.00103735
Kujawa,0.00103576
Piątkowska,0.00103259
Pietrzyk,0.00102805
Stachowiak,0.00102748
Serafin,0.00102487
Sowińska,0.00102317
Gołębiowska,0.0010226
Żurek,0.00102101
Góra,0.00102078
Matysiak,0.00100716
Karczewska,0.00100138
Rosińska,0.000999332
Banach,0.000998992
Klimczak,0.000996154
Banaś,0.000989231
Rak,0.00098855
Cybulska,0.00098855
Komorowska,0.000987415
Godlewska,0.000984351
Bieniek,0.000980378
Żurawska,0.000978903
Zawada,0.000972547
Drozd,0.000968121
Gruszka,0.000967894
Skrzypczak,0.000967326
Cichocka,0.000964035
Grochowska,0.00096324
Przybyła,0.000963127
Szczęsna,0.000962673
Różańska,0.000951096
Kuś,0.000947805
Cichoń,0.000947124
Górka,0.000941449
Niewiadomska,0.000940428
Winiarska,0.00093725
Kulik,0.00093532
Panek,0.000931575
Krawiec,0.000929078
Krzyżanowska,0.000927716
Mielczarek,0.000926014
Ptak,0.000922268
Siwek,0.000919658
Konopka,0.000917842
Leśniewska,0.000916821
Filipiak,0.000913189
Strzelecka,0.000910805
Mikołajczak,0.000908308
Zaremba,0.000907287
Zarzycka,0.000905925
Graczyk,0.000905925
Słowik,0.000904336
Gil,0.000903428
Tokarska,0.000902634
Szczepanik,0.000898434
Antczak,0.000896618
Maćkowiak,0.000894121
Szymczyk,0.000889014
Stańczyk,0.000885382
Bartkowiak,0.000884588
Kłos,0.000882431
Kaczyńska,0.000879821
Buczek,0.000878005
Górna,0.000876302
Młynarczyk,0.000874487
Cieśla,0.000873919
Grzyb,0.000871195
Janiak,0.000868812
Biernat,0.000866542
Skowron,0.000866088
Szczygieł,0.000859959
Janus,0.000859619
Banasiak,0.000858938
Kostrzewa,0.000857349
Szostak,0.000857235
Bogusz,0.000854284
Rakowska,0.000854057
Gąsior,0.000852241
Bartczak,0.000851447
Jurek,0.000850312
Sienkiewicz,0.000849404
Długosz,0.000848609
Kaleta,0.000847928
Królikowska,0.00084702
Węgrzyn,0.000844864
Kucharczyk,0.00084407
Różycka,0.000841686
Książek,0.000841573
Gawron,0.000841005
Kubik,0.000840324
Frączek,0.000834876
Gawlik,0.000829088
Bagińska,0.000825456
Dobosz,0.000823527
Kula,0.000822732
Żebrowska,0.00082103
Pałka,0.000819441
Rogalska,0.0008191
Witczak,0.000815128
Trzcińska,0.000813085
Hajduk,0.000810702
Trojanowska,0.000808999
Zaręba,0.00080741
Maliszewska,0.00080741
Frankowska,0.00080741
Gawrońska,0.000806389
Grzegorczyk,0.000802871
Malec,0.000801736
Rzepka,0.000798785
Rybicka,0.000798558
Rogala,0.000798444
Mikulska,0.000797536
Rojek,0.000796855
Dudzińska,0.000795266
Tkaczyk,0.000793791
Radomska,0.000792202
Kaczorowska,0.000787776
Kisiel,0.000776539
Fijałkowska,0.000776199
Frąckowiak,0.00077461
Nawrot,0.00076973
Bogucka,0.000769616
Mika,0.000767573
Więckowska,0.000766892
Grzesiak,0.000763828
Lach,0.000761445
Czyżewska,0.000760423
Gałązka,0.000759969
Borek,0.000759742
Kwaśniewska,0.000756791
Wąsik,0.000756678
Wojtczak,0.000755089
Zaborowska,0.000754067
Białas,0.000752592
Stec,0.000750322
Rosiak,0.000747485
Wójcicka,0.000743399
Ślusarczyk,0.000743285
Sokół,0.000741696
Lipska,0.000740902
Burzyńska,0.000740675
Kmiecik,0.000738064
Pietras,0.000735794
Kołodziejska,0.000733524
Bochenek,0.000733298
Wnuk,0.000733071
Juszczak,0.000732049
Dąbek,0.000731709
Łukasiewicz,0.000729325
Pawelec,0.000726828
Karwowska,0.000726034
Zajączkowska,0.000725693
Kubacka,0.00072558
Lasota,0.000725126
Szafrańska,0.000724899
Walkowiak,0.000723877
Drzewiecka,0.000723083
Janas,0.000721834
Skrzypek,0.000719224
Gruszczyńska,0.000718316
Wrońska,0.000717181
Mroczek,0.000714911
Krysiak,0.000713322
Jędrzejczak,0.000713209
Masłowska,0.000710485
Flis,0.000710144
Jagodzińska,0.000709577
Dębowska,0.000708896
Zygmunt,0.00070708
Jędrzejczyk,0.000706399
Cebula,0.000705491
Bielawska,0.00070447
Lisiecka,0.000703448
Cygan,0.000702427
Piwowarczyk,0.000701292
Łapińska,0.000700497
Pasternak,0.000700384
Borowiec,0.000700384
Kałuża,0.000699476
Skibińska,0.000696865
Jagiełło,0.000696298
Filipek,0.000696184
Piórkowska,0.000695617
Karaś,0.00069539
Misiak,0.000695049
Żmuda,0.000694709
Krakowiak,0.000694595
Jurkiewicz,0.000694595
Wilczek,0.000692666
Falkowska,0.00069119
Czapla,0.00069119
Kubica,0.000689942
Twardowska,0.000687332
Sobieraj,0.000686197
Urbańczyk,0.000684948
Bujak,0.000684494
Pilarska,0.000682905
Gaweł,0.000680408
Stelmach,0.000678252
Nowaczyk,0.000678138
Raczyńska,0.000677911
Zielonka,0.00067723
Drozdowska,0.000676436
Ciszewska,0.000676436
Gutowska,0.000675869
Strzelczyk,0.000675528
Łukaszewska,0.000675301
Bartosik,0.000669626
Wasiak,0.000668491
Tarnowska,0.000666562
Sołtys,0.000666108
Andrzejczak,0.000666108
Szcześniak,0.000665994
Bilska,0.00066327
Jakubiak,0.000663157
Skoczylas,0.000661909
Pakuła,0.00066032
Gąsiorowska,0.000656688
Górniak,0.000654418
Dubiel,0.000653623
Mierzejewska,0.000653283
Kędziora,0.000652942
Dziuba,0.000652488
Szwed,0.000647608
Guzik,0.000647268
Bober,0.000647268
Kopczyńska,0.000646133
Milczarek,0.000644771
Stanek,0.00064443
Majcher,0.000644317
Staszewska,0.000643182
Krupińska,0.000642387
Cholewa,0.000635123
Stolarczyk,0.000634896
Kaczmarska,0.000632627
Jaśkiewicz,0.000631832
Kałużna,0.000631605
Słowińska,0.000631378
Matuszak,0.000629222
Więcek,0.000628654
Zwolińska,0.000628427
Jezierska,0.000628427
Sławińska,0.000626952
Góral,0.000625817
Siedlecka,0.000625476
Rusin,0.000624455
Gołąb,0.000624455
Florek,0.000623774
Jackowska,0.000621844
Zagórska,0.00062139
Rucińska,0.000621277
Olczak,0.000621163
Misztal,0.000621163
Kaszuba,0.000620142
Motyka,0.00061617
Dominiak,0.000615943
Grzywacz,0.000615035
Pawlikowska,0.000614921
Florczak,0.000613219
Paczkowska,0.00061163
Modzelewska,0.00061163
Wolak,0.000611516
Malicka,0.000610495
Sieradzka,0.00060936
Kuchta,0.000608906
Pytel,0.000608452
Sochacka,0.000607998
Bożek,0.000607657
Świerczyńska,0.00060743
Iwańska,0.000606523
Kulig,0.000604026
Jankowiak,0.000602891
Michałek,0.000602777
Kuc,0.000602777
Bieńkowska,0.000600961
Dudziak,0.000600734
Stępniak,0.000599599
Czechowska,0.000599599
Koza,0.000599372
Wojtas,0.000599032
Partyka,0.000598351
Knapik,0.000597783
Janusz,0.00059767
Prokop,0.000596762
Gwóźdź,0.000596308
Adamus,0.000596308
Gałka,0.000596081
Noga,0.000595513
Sitek,0.0005954
Stachura,0.000594946
Kępa,0.000594832
Filipowicz,0.000594605
Kwiecińska,0.000593357
Skóra,0.000592336
Dudzik,0.000591882
Jurkowska,0.000591768
Skalska,0.000591655
Dec,0.000590747
Szyszka,0.000589044
Płonka,0.00058859
Bielak,0.000588023
Dobrzyńska,0.000587682
Adamczak,0.000586888
Adamek,0.000585866
Kolasa,0.000584618
Paszkowska,0.000583823
Mańkowska,0.000583823
Kapusta,0.000583483
Broda,0.000583256
Stanisławska,0.000582802
Rosa,0.000582234
Włodarska,0.000580759
Mroczkowska,0.000580532
Szatkowska,0.000577695
Suska,0.000577014
Szczerba,0.000576106
Kruszewska,0.000576106
Kowalczuk,0.000575311
Majka,0.000574971
Chojnowska,0.000574744
Tomala,0.000574517
Woś,0.000570431
Niemczyk,0.000570317
Molenda,0.000569636
Puchalska,0.000569296
Lipka,0.000569069
Michalczyk,0.000567593
Trzeciak,0.000566458
Skowronek,0.000566004
Augustyn,0.000564756
Wyszyńska,0.000563735
Kotowska,0.000562373
Januszewska,0.000561692
Adamowicz,0.000561238
Głogowska,0.000561124
Lenart,0.000560557
Chmura,0.000560557
Buczyńska,0.000560443
Niedzielska,0.000558968
Zdunek,0.000557379
Piechota,0.000555449
Salamon,0.000555336
Żuk,0.000554655
Kita,0.000554314
Adamiak,0.000552498
Ziętek,0.000551817
Kaniewska,0.00055159
Mrozek,0.00055125
Maślanka,0.000551136
Kobus,0.000551023
Drabik,0.000550569
Stolarska,0.000548867
Koper,0.00054671
Banasik,0.00054671
Wypych,0.000545916
Warchoł,0.000545689
Bąkowska,0.000544667
Budzyńska,0.0005441
Przybył,0.000543419
Kołakowska,0.000543078
Jagielska,0.000542511
Kogut,0.000540922
Dróżdż,0.000540808
Sołtysiak,0.000540468
Niedźwiecka,0.00053956
Pilch,0.000539219
Kawa,0.000537971
Gorczyca,0.000537857
Tokarz,0.000537517
Buczkowska,0.000536949
Malik,0.000535928
Robak,0.000535361
Grzesik,0.000535361
Rudzińska,0.000533999
Miśkiewicz,0.000533658
Porębska,0.000532069
Chudzik,0.000531729
Kiełbasa,0.000531502
Marchewka,0.000531388
Kłosowska,0.000531048
Stańczak,0.00053014
Kalisz,0.000530026
Sojka,0.000529799
Jarząbek,0.000529345
Maciąg,0.000529005
Białkowska,0.000529005
Kasperek,0.000528778
Urbanek,0.000528664
Dąbkowska,0.000527416
Czerniak,0.000525713
Jurczak,0.000525373
Piłat,0.000524805
Czekaj,0.000524351
Gadomska,0.000524238
Balcerzak,0.000524238
Bartnik,0.000523784
Cicha,0.000523557
Głąb,0.000522876
Frątczak,0.000522081
Jaros,0.000521968
Stachurska,0.000521855
Wiącek,0.00052072
Korzeniowska,0.000520606
Golec,0.000520606
Urbanowicz,0.000520379
Tracz,0.000519698
Kuźma,0.000519244
Kucińska,0.000518336
Olczyk,0.000518223
Wolińska,0.000518109
Błaszczak,0.000517201
Surma,0.000515839
Pietruszka,0.000515726
Ossowska,0.000514931
Pawlicka,0.000513569
Szeląg,0.000512434
Zabłocka,0.000511072
Żyła,0.000510959
Moskal,0.000510845
Stachowicz,0.000510732
Rudzka,0.000510051
Aleksandrowicz,0.000510051
Rybarczyk,0.000509597
Kopacz,0.000509029
Kos,0.000507781
Piotrowicz,0.000507668
Bielska,0.000507327
Budzińska,0.000506646
Ryś,0.000506533
Grudzień,0.000505738
Szymkowiak,0.00050449
Prus,0.000504036
Kosowska,0.000503922
Radecka,0.000503809
Ślęzak,0.000503241
Kostecka,0.000503241
Wojtkowiak,0.000503128
Miller,0.000503128
Magiera,0.000502674
Mackiewicz,0.000501879
Lesiak,0.000501539
Grześkowiak,0.000498588
Woźnica,0.000498474
Warzecha,0.000498247
Rudnik,0.000498247
Kulińska,0.000497226
Bielińska,0.000496885
Sobańska,0.000495977
Kawecka,0.000495977
Kujawska,0.00049575
Jurczyk,0.00049541
Herman,0.000494502
Napierała,0.000493934
Sęk,0.000493594
Trela,0.000493367
Wojtasik,0.000492459
Kozik,0.000492459
Sobota,0.000491665
Furman,0.000491665
Pelc,0.000491551
Tomasik,0.000490189
Sekuła,0.000489735
Krakowska,0.000488941
Kmieć,0.0004886
Szuba,0.000488033
Stawicka,0.000487465
Grudzińska,0.00048633
Krasowska,0.000485876
Oleksy,0.000485422
Wołoszyn,0.000484741
Pogorzelska,0.000484741
Pełka,0.000484628
Wolna,0.000483379
Skorupa,0.000483152
Roman,0.000482017
Śmigielska,0.000481223
Gut,0.000480996
Świątkowska,0.000479634
Mierzwa,0.000479407
Piwowarska,0.000478499
Szwarc,0.000477932
Biskup,0.000477818
Banaszek,0.000476797
Izdebska,0.00047657
Hoffmann,0.000476002
Kruczek,0.000475321
Ratajczyk,0.00047464
Litwin,0.000474527
Łukaszewicz,0.000472597
Kawka,0.000471008
Juszczyk,0.000469646
Krukowska,0.000469192
Roszak,0.00046749
Niedziela,0.000467263
Werner,0.000467036
Studzińska,0.00046556
Makuch,0.000465447
Lorenc,0.000464653
Świder,0.000464085
Piętka,0.000464085
Mańka,0.000463631
Roszkowska,0.000462496
Wiśniowska,0.000462042
Duszyńska,0.000461475
Szarek,0.000460794
Królak,0.000460113
Siwiec,0.000459772
Polańska,0.000459432
Jóźwik,0.000458751
Liszka,0.000457729
Schmidt,0.000457616
Karcz,0.000457616
Szot,0.000457275
Jeziorska,0.000457275
Wrzesińska,0.000456935
Kwiatek,0.000456708
Paprocka,0.000456481
Rożek,0.000453757
Jakubczyk,0.000452508
Bury,0.000452395
Bogacz,0.000452395
Bobrowska,0.000452281
Żuchowska,0.000452054
Adamiec,0.000451033
Knap,0.000450579
Nowińska,0.000450466
Kraszewska,0.000450352
Sidor,0.000449104
Korzeniewska,0.000449104
Turowska,0.000448309
Drożdż,0.000447855
Rusek,0.000447742
Filip,0.000447742
Korczak,0.000447628
Kosmala,0.000447515
Grabarczyk,0.000446834
Woźna,0.000445358
Gacek,0.000444904
Wojda,0.000444223
Grodzka,0.000443656
Mielcarek,0.000443542
Tkacz,0.000442975
Kruszyńska,0.000442634
Wach,0.000442294
Bogdańska,0.000441726
Lange,0.000441613
Paszkiewicz,0.00043991
Kusiak,0.00043991
Rzepecka,0.00043957
Grzybek,0.000439343
Kukla,0.000439116
Borys,0.0004373
Lewińska,0.000437187
Gola,0.000436846
Kędzior,0.000436052
Rogozińska,0.000435598
Małkowska,0.000435598
Śpiewak,0.000435371
Wagner,0.000435144
Jakubiec,0.000434803
Szopa,0.000434349
Szeliga,0.000433895
Rybka,0.000433895
Tokarczyk,0.000433782
Śledź,0.000433441
Kozakiewicz,0.00043276
Romaniuk,0.000431512
Szkudlarek,0.000431398
Janczak,0.000431285
Lipiec,0.000431171
Olech,0.000431058
Wojtowicz,0.000429469
Szymanek,0.000429128
Perkowska,0.000429015
Gąsiorek,0.000428788
Romańska,0.000428561
Dutkiewicz,0.000428107
Skonieczna,0.000427993
Kapuścińska,0.000427993
Gładysz,0.000427766
Bilińska,0.000427653
Wasielewska,0.000427539
Staszak,0.000426858
Kurzawa,0.000426631
Ambroziak,0.000426518
Dymek,0.000426404
Bartoszek,0.000426177
Raczkowska,0.00042595
Radziszewska,0.000425837
Flak,0.000425042
Reszka,0.000424021
Maziarz,0.000423907
Majkowska,0.000423567
Adamczewska,0.000423226
Puchała,0.000423
Potocka,0.000422773
Konarska,0.000422659
Pisarek,0.000422432
Wajda,0.000422092
Piech,0.000421524
Wyrzykowska,0.000421411
Bugajska,0.000421411
Dzikowska,0.00042107
Kupiec,0.000420389
Kokot,0.000420389
Kaźmierska,0.000419935
Szczurek,0.000419595
Karolak,0.000419595
Smoleń,0.000419254
Rokicka,0.000418573
Kulpa,0.000418346
Pękala,0.000417325
Wrzosek,0.000417211
Suchecka,0.000417098
Czarnota,0.000416871
Banaszak,0.000416871
Kalińska,0.000416644
Plichta,0.00041653
Kępka,0.000416076
Kawalec,0.000415168
Solecka,0.000414487
Kochańska,0.000414374
Figura,0.000413806
Jaskulska,0.000413693
Olszak,0.000413579
Szymanowska,0.000413125
Białecka,0.000413125
Stokłosa,0.000412331
Rodak,0.000411877
Piechocka,0.000410855
Kokoszka,0.000410515
Dolata,0.000410174
Golińska,0.000410061
Pierzchała,0.000409834
Dziura,0.000409493
Bugaj,0.000409153
Balicka,0.00040711
Brzeska,0.000406883
Ferenc,0.00040677
Pasek,0.000406429
Krauze,0.000406316
Paradowska,0.000405862
Jaroszewska,0.000405862
Płatek,0.000405521
Zborowska,0.000405408
Sułkowska,0.000405181
Wojtaszek,0.0004045
Mączka,0.000403819
Brodowska,0.000403819
Waszkiewicz,0.000403592
Osowska,0.000402911
Barszcz,0.000402911
Bojarska,0.000402797
Dolińska,0.000402343
Szczygielska,0.000401435
Stępniewska,0.000401208
Lasek,0.000400754
Biała,0.000400641
Biela,0.000400527
Kolasińska,0.0004003
Góralczyk,0.000399506
Gabryś,0.000398938
Weber,0.000398484
Wielgus,0.000398144
Świerczek,0.000397576
Chrobak,0.000396895
Cichosz,0.000396555
Kostka,0.000396441
Kempa,0.000396101
Szymaniak,0.000395533
Smolarek,0.000395193
Piszczek,0.000394739
Morawiec,0.000394512
Zarębska,0.000394172
Walczyk,0.000394058
Wójciak,0.000393831
Osuch,0.000393831
Ławniczak,0.000393831
Zimna,0.000393491
Szadkowska,0.000393491
Orzeł,0.000393264
Lachowicz,0.000393264
Mach,0.00039315
Figiel,0.000392583
Szpak,0.000391788
Garbacz,0.000391561
Piskorz,0.000391334
Ćwiklińska,0.000391107
Koprowska,0.000390767
Sudoł,0.000390426
Traczyk,0.000390199
Gruca,0.000389632
Brożek,0.000389632
Paszek,0.000389291
Lorek,0.000389291
Ciołek,0.000389178
Gołąbek,0.000388951
Łoś,0.00038861
Wdowiak,0.000388497
Kołodziejczak,0.000388043
Antoniak,0.000387929
Zapała,0.000387702
Bernat,0.000387475
Grabska,0.000387362
Surowiec,0.000387248
Kozera,0.000387248
Wąsowska,0.000386794
Bator,0.000386567
Stachowska,0.000386454
Grela,0.000386454
Baron,0.000386227
Mrowiec,0.000386113
Pięta,0.000385886
Myśliwiec,0.000385886
Mularczyk,0.000385886
Błażejewska,0.000385886
Jamróz,0.000385432
Sala,0.000385092
Ożóg,0.000384978
Glińska,0.000384978
Burda,0.00038407
Dobrzańska,0.000383843
Kochanowska,0.00038373
Modrzejewska,0.000383276
Filipczak,0.000383276
Świtała,0.000382935
Wachowiak,0.000382481
Galińska,0.000382481
Oleś,0.000382254
Zawisza,0.000382027
Czaplińska,0.000382027
Burek,0.0003818
Półtorak,0.000381573
Matusik,0.000381346
Nadolska,0.000380892
Gaj,0.000380439
Winnicka,0.000380212
Gałecka,0.000380098
Jedynak,0.000379531
Zasada,0.000379417
Niezgoda,0.00037919
Błońska,0.00037919
