Nowak,0.0160071
Kowalski,0.0103367
Wiśniewski,0.00811837
Wójcik,0.00735679
Kowalczyk,0.00723473
Kamiński,0.00698399
Lewandowski,0.00685663
Zieliński,0.00674986
Dąbrowski,0.00673985
Szymański,0.00658344
Woźniak,0.00657606
Kozłowski,0.00560513
Jankowski,0.00509044
Mazur,0.00506457
Kwiatkowski,0.0048834
Wojciechowski,0.00487712
Krawczyk,0.00470992
Kaczmarek,0.00459226
Piotrowski,0.00452346
Grabowski,0.0042987
Zając,0.00412457
Pawłowski,0.00410366
Michalski,0.00403937
Król,0.0040058
Nowakowski,0.00388285
Wróbel,0.0037522
Wieczorek,0.00374648
Jabłoński,0.00369871
Dudek,0.00366205
Adamczyk,0.00365589
Majewski,0.00363112
Nowicki,0.00354494
Olszewski,0.00353162
Stępień,0.00349893
Malinowski,0.00347438
Jaworski,0.00347141
Pawlak,0.00339271
Górski,0.00332491
Sikora,0.00328374
Witkowski,0.00328352
Walczak,0.00326789
Rutkowski,0.00322441
Baran,0.00320878
Michalak,0.00316024
Szewczyk,0.00312337
Ostrowski,0.00307372
Tomaszewski,0.0029489
Duda,0.00289937
Zalewski,0.00289354
Pietrzak,0.00289266
Wróblewski,0.00285138
Jasiński,0.00282386
Marciniak,0.00281275
Zawadzki,0.00277851
Sadowski,0.00277642
Bąk,0.00277246
Jakubowski,0.00276178
Wilk,0.00264412
Chmielewski,0.00262794
Włodarczyk,0.00262276
Borkowski,0.00257775
Sokołowski,0.0025204
Szczepański,0.00251005
Sawicki,0.00250334
Lis,0.0024778
Kucharski,0.00244291
Mazurek,0.00237885
Kubiak,0.00237621
Wysocki,0.00236509
Kalinowski,0.00236432
Maciejewski,0.0023532
Czarnecki,0.00234241
Kołodziej,0.00226426
Kaźmierczak,0.00224368
Urbański,0.00223719
Sobczak,0.00214473
Konieczny,0.0021149
Głowacki,0.00208782
Krupa,0.0020778
Wasilewski,0.00206559
Zakrzewski,0.00206008
Krajewski,0.00205062
Adamski,0.00202871
Sikorski,0.00202618
Mróz,0.00201958
Laskowski,0.00200791
Gajewski,0.0020034
Ziółkowski,0.00200142
Szulc,0.00198964
Makowski,0.00198777
Baranowski,0.00196619
Szymczak,0.00195717
Kaczmarczyk,0.00194902
Przybylski,0.00194858
Czerwiński,0.00194825
Brzeziński,0.00194803
Błaszczyk,0.0019302
Andrzejewski,0.00192712
Kozak,0.0019236
Borowski,0.00192227
Cieślak,0.00191479
Kania,0.00189751
Chojnacki,0.00188815
Górecki,0.00188738
Szczepaniak,0.00187395
Janik,0.00187395
Mucha,0.00183642
Leszczyński,0.00183642
Lipiński,0.00183532
Kozioł,0.00182343
Wesołowski,0.00182299
Kowalewski,0.00181826
Mikołajczyk,0.00180494
Nowacki,0.00179019
Domański,0.00179008
Jarosz,0.00175794
Ciesielski,0.00175354
Musiał,0.00175266
Kowalik,0.001751
Zięba,0.00174627
Kołodziejczyk,0.00172734
Markowski,0.0017138
Kopeć,0.00170356
Brzozowski,0.0016996
Kurek,0.00167825
Piątek,0.00167748
Żak,0.00167043
Orłowski,0.00166493
Pawlik,0.00165799
Tomczyk,0.00165755
Tomczak,0.00165491
Kot,0.00163675
Urbaniak,0.00162872
Wawrzyniak,0.00162277
Markiewicz,0.00160945
Wójtowicz,0.00160571
Wolski,0.00159514
Kruk,0.0015914
Polak,0.00157951
Czajkowski,0.00157951
Stasiak,0.00156807
Nawrocki,0.00156499
Sowa,0.00156135
Stankiewicz,0.00153923
Łuczak,0.00153361
Jastrzębski,0.00153086
Karpiński,0.00152932
Dziedzic,0.00150643
Wierzbicki,0.00150522
Piasecki,0.00149245
Gajda,0.00147781
Klimek,0.00147165
Bednarek,0.00146625
Stefański,0.00145029
Urban,0.00144996
Janicki,0.00144204
Jóźwiak,0.00143686
Bielecki,0.00143323
Domagała,0.00142883
Sosnowski,0.00142123
Madej,0.00141848
Majchrzak,0.00141705
Maj,0.00140472
Milewski,0.00140021
Dobrowolski,0.0013979
Małecki,0.00139283
Kowal,0.00138381
Skiba,0.00138227
Leśniak,0.00137952
Śliwiński,0.00137654
Socha,0.00135893
Marek,0.00135167
Bednarczyk,0.00133516
Wrona,0.00133142
Kasprzak,0.00132228
Matuszewski,0.00131017
Pająk,0.00130995
Olejniczak,0.00130346
Ratajczak,0.00128651
Wilczyński,0.00128497
Romanowski,0.00128067
Michalik,0.0012755
Świątek,0.00127308
Owczarek,0.00126967
Kurowski,0.00126746
Orzechowski,0.00126691
Grzelak,0.00126625
Olejnik,0.00125194
Łukasik,0.00124721
Sobolewski,0.0012285
Rogowski,0.00122663
Bukowski,0.00122553
Mazurkiewicz,0.00122388
Sroka,0.00121859
Matusiak,0.00121672
Rybak,0.00121551
Kędzierski,0.00121529
Barański,0.00121331
Kosiński,0.00121177
Czajka,0.00119768
Kozieł,0.0011913
Sobczyk,0.00119008
Marcinkowski,0.001187
Marszałek,0.00118634
Skowroński,0.00118458
Zych,0.00118106
Chrzanowski,0.00117655
Bednarski,0.00116631
Lisowski,0.0011651
Bednarz,0.00115794
Pluta,0.00115343
Kasprzyk,0.00115266
Świderski,0.00115123
Janiszewski,0.00115079
Kwiecień,0.00114176
Białek,0.00113967
Marczak,0.00113769
Kuczyński,0.00113758
Muszyński,0.0011367
Jędrzejewski,0.00113021
Morawski,0.00112844
Witek,0.00112789
Paluch,0.0011258
Czech,0.00112525
Grzybowski,0.00112404
Turek,0.00112294
Czaja,0.00112019
Żukowski,0.00111127
Dębski,0.00110962
Cieślik,0.00110687
Chmiel,0.0011061
Marzec,0.00110533
Kaczor,0.00110478
Małek,0.00109751
Osiński,0.00109509
Kubicki,0.00109465
Piekarski,0.00109157
Szczęsny,0.00108188
Krzemiński,0.00107517
Śliwa,0.0010733
Janowski,0.00106857
Stefaniak,0.00106692
Przybysz,0.00106471
Biernacki,0.00106372
Michałowski,0.00106152
Gołębiewski,0.00106009
Kulesza,0.00105283
Lech,0.00105217
Smoliński,0.00104831
Szydłowski,0.00104798
Kacprzak,0.00104622
Rak,0.00104523
Lewicki,0.0010438
Kujawa,0.00104171
Czyż,0.00104116
Staniszewski,0.00104039
Murawski,0.0010372
Niemiec,0.00103555
Augustyniak,0.00103444
Rudnicki,0.00103235
Góra,0.00103004
Popławski,0.00102938
Pietrzyk,0.00102707
Banach,0.00102696
Żurek,0.00102289
Piątkowski,0.00102234
Serafin,0.0010176
Górny,0.00101221
Matysiak,0.00100869
Stachowiak,0.00100836
Sowiński,0.00100836
Gołębiowski,0.00100561
Drozd,0.00100561
Karczewski,0.00100351
Podgórski,0.00100329
Banaś,0.000999992
Zawada,0.000994599
Klimczak,0.000991627
Rosiński,0.000989535
Żurawski,0.000987884
Bieniek,0.000979409
Górka,0.000976877
Cybulski,0.000976657
Godlewski,0.000971154
Gruszka,0.000970934
Kuś,0.000963449
Przybyła,0.000957835
Skrzypczak,0.000956404
Grochowski,0.000954643
Cichoń,0.00095002
Komorowski,0.00094925
Cichocki,0.000946168
Ptak,0.000944627
Krawiec,0.000944406
Panek,0.000943306
Siwek,0.000940224
Gil,0.000937692
Kulik,0.000935601
Niewiadomski,0.000930428
Różański,0.000928446
Mielczarek,0.000924924
Winiarski,0.000923053
Konopka,0.000917769
Graczyk,0.000917439
Słowik,0.000910725
Grzyb,0.000910505
Krzyżanowski,0.000908854
Kłos,0.000908523
Szczepanik,0.000908193
Filipiak,0.000907753
Zarzycki,0.000904011
Stańczyk,0.000900598
Antczak,0.000897957
Leśniewski,0.000897737
Zaremba,0.000894434
Tokarski,0.000893114
Szymczyk,0.000888491
Młynarczyk,0.000888491
Strzelecki,0.000884638
Mikołajczak,0.000884528
Kaczyński,0.000884528
Cieśla,0.000884198
Skowron,0.000878254
Maćkowiak,0.000877373
Buczek,0.000876273
Gąsior,0.00087165
Biernat,0.000867247
Jurek,0.000866917
Janus,0.000866587
Szostak,0.000865046
Bartkowiak,0.000864055
Janiak,0.000858661
Szczygieł,0.000858331
Bogusz,0.00085602
Węgrzyn,0.000853488
Kula,0.000852057
Pałka,0.000851617
Kaleta,0.000848865
Gawron,0.000848865
Frączek,0.000848425
Kostrzewa,0.000847874
Długosz,0.000845893
Kucharczyk,0.000845783
Banasiak,0.000844132
Rakowski,0.000843692
Bartczak,0.000843362
Książek,0.000842261
Kubik,0.00084127
Różycki,0.000836757
Sienkiewicz,0.000836317
Rzepka,0.000832905
Królikowski,0.000828832
Gawlik,0.000823439
Bagiński,0.000821678
Dobosz,0.000817605
Zaręba,0.000816724
Malec,0.000815954
Trzciński,0.000812542
Żebrowski,0.000811441
Rogalski,0.000811111
Rogala,0.00081001
Tkaczyk,0.00080924
Witczak,0.000808249
Hajduk,0.000801975
Rojek,0.000799774
Kisiel,0.000799443
Gawroński,0.000799113
Grzegorczyk,0.00079438
Cichy,0.000791298
Rybicki,0.000791188
Mikulski,0.000790418
Trojanowski,0.000789427
Wolny,0.000789207
Maliszewski,0.000786675
Frankowski,0.000786125
Dudziński,0.00077842
Wąsik,0.00077798
Nawrot,0.000777759
Radomski,0.000776879
Frąckowiak,0.000776218
Lach,0.000775338
Kaczorowski,0.000769724
Borek,0.000767853
Fijałkowski,0.00076367
Grzesiak,0.000758497
Gałązka,0.000758387
Mika,0.000758057
Białas,0.000757727
Ślusarczyk,0.000756296
Bogucki,0.000754645
Sokół,0.000753324
Pawelec,0.000751893
Stec,0.000751122
Czyżewski,0.000749141
Wnuk,0.000748921
Lipski,0.000748701
Zaborowski,0.000748371
Rosiak,0.000746169
Więckowski,0.000744518
Wojtczak,0.000744408
Kmiecik,0.000743087
Walkowiak,0.000742647
Kwaśniewski,0.000742207
Wójcicki,0.000739015
Dąbek,0.000738574
Bochenek,0.000737143
Kołodziejski,0.000728888
Burzyński,0.000726577
Janas,0.000725476
Drzewiecki,0.000725036
Pietras,0.000724155
Krysiak,0.000721733
Zygmunt,0.000720963
Karwowski,0.000720963
Juszczak,0.000720743
Lasota,0.000720082
Mroczek,0.000719532
Cebula,0.000718872
Żmuda,0.000718101
Skrzypek,0.000714249
Pasternak,0.000713918
Cygan,0.000712267
Jędrzejczyk,0.000711497
Wroński,0.000710176
Filipek,0.000709406
Dębowski,0.000708085
Karaś,0.000707865
Misiak,0.000707424
Gruszczyński,0.000706103
Gaweł,0.000706103
Flis,0.000704452
Łapiński,0.000704232
Masłowski,0.000703902
Łukasiewicz,0.000703792
Szafrański,0.000702141
Bujak,0.000701701
Zajączkowski,0.00070082
Piórkowski,0.00070005
Kałuża,0.000699719
Piwowarczyk,0.000697298
Bielawski,0.000696747
Falkowski,0.000695757
Jagodziński,0.000691904
Borowiec,0.000691244
Jagiełło,0.000690804
Krakowiak,0.000689483
Jędrzejczak,0.000688932
Czapla,0.000688822
Gutowski,0.000687061
Zielonka,0.000686731
Skibiński,0.000686731
Kałużny,0.000685961
Kubacki,0.00068552
Łukaszewski,0.00068475
Lisiecki,0.000682438
Dziuba,0.000680347
Wilczek,0.000679797
Sołtys,0.000677595
Stelmach,0.000675944
Sobieraj,0.000675394
Drozdowski,0.000674513
Woźny,0.000672422
Jurkiewicz,0.000672422
Tarnowski,0.000672092
Szcześniak,0.000671541
Jakubiak,0.000671541
Skoczylas,0.000671431
Urbańczyk,0.000670661
Raczyński,0.00066967
Andrzejczak,0.00066901
Pilarski,0.000668019
Strzelczyk,0.000667909
Twardowski,0.000667579
Pakuła,0.000667469
Wasiak,0.000667249
Nowaczyk,0.000666808
Kubica,0.000664387
Bartosik,0.000664167
Kędziora,0.000662075
Gąsiorowski,0.000662075
Ciszewski,0.000661855
Dubiel,0.000655031
Bober,0.0006547
Mierzejewski,0.0006536
Bilski,0.000650077
Gołąb,0.000649637
Guzik,0.000649417
Majcher,0.000646005
Górniak,0.000644354
Stanek,0.000642483
Milczarek,0.000640942
Kopczyński,0.000640171
Góral,0.000636098
Więcek,0.000634668
Florek,0.000634337
Szwed,0.000634117
Staszewski,0.000632576
Cholewa,0.000631586
Stolarczyk,0.000630485
Krupiński,0.000630155
Motyka,0.000629164
Bury,0.000627073
Rusin,0.000626963
Misztal,0.000626082
Słowiński,0.000625532
Jaśkiewicz,0.000625422
Matuszak,0.000624321
Kaszuba,0.00062311
Kapusta,0.00062245
Wolak,0.00062212
Grzywacz,0.00062212
Biały,0.00062212
Florczak,0.000620909
Pytel,0.000620689
Kuchta,0.000620468
Ruciński,0.000620248
Kuc,0.000619918
Kulig,0.000619808
Siedlecki,0.000617166
Bożek,0.000615625
Sieradzki,0.000613644
Paczkowski,0.000612213
Noga,0.000612213
Prokop,0.000611553
Koza,0.000611443
Kaczmarski,0.000611223
Dominiak,0.000610672
Michałek,0.000610342
Malicki,0.000610342
Jezierski,0.000610342
Zagórski,0.000610012
Olczak,0.000609461
Zwoliński,0.000608801
Kępa,0.000608801
Wojtas,0.00060792
Skóra,0.0006077
Jankowiak,0.00060737
Gwóźdź,0.000606379
Stępniak,0.000603297
Gałka,0.000602967
Sitek,0.000602637
Adamus,0.000601646
Świerczyński,0.000601536
Modzelewski,0.000601536
Dudziak,0.000601426
Iwański,0.000601206
Płonka,0.000600986
Bielak,0.000599775
Sochacki,0.000599665
Szyszka,0.000598564
Bieńkowski,0.000597574
Jackowski,0.000596583
Sławiński,0.000596473
Dec,0.000596363
Janusz,0.000595372
Dobrzyński,0.000595262
Czechowski,0.000593501
Dudzik,0.000592731
Pawlikowski,0.00059218
Knapik,0.00059185
Partyka,0.00059174
Stachura,0.000588658
Mańkowski,0.000588438
Broda,0.000588108
Kolasa,0.000587998
Lipka,0.000587447
Jurkowski,0.000586567
Kwieciński,0.000585356
Filipowicz,0.000584695
Rosa,0.000581944
Woś,0.000580953
Mroczkowski,0.000580403
Szczerba,0.000578642
Majka,0.00057688
Adamczak,0.00057611
Stanisławski,0.00057545
Maślanka,0.000574349
Skalski,0.000574239
Trzeciak,0.000573138
Włodarski,0.000572918
Szatkowski,0.000572147
Kita,0.000571707
Adamek,0.000571707
Molenda,0.000571377
Paszkowski,0.000570827
Skowronek,0.000569286
Kowalczuk,0.000568515
Puchalski,0.000567745
Chojnowski,0.000566644
Kruszewski,0.000566204
Chmura,0.000565983
Michalczyk,0.000565873
Zdunek,0.000564883
Salamon,0.000564883
Kiełbasa,0.000564553
Kobus,0.000561801
Żuk,0.000561691
Kotowski,0.000561471
Augustyn,0.00056048
Wyszyński,0.00056037
Buczyński,0.000559709
Mrozek,0.000559489
Kogut,0.000555857
Januszewski,0.000555197
Lenart,0.000554426
Warchoł,0.000553656
Piechota,0.000551674
Adamiak,0.000551124
Niemczyk,0.000550243
Drabik,0.000549473
Kołakowski,0.000549363
Marchewka,0.000549143
Banasik,0.000548372
Robak,0.000547932
Chudy,0.000547271
Niedzielski,0.000546721
Tomala,0.000545951
Głogowski,0.00054573
Dróżdż,0.00054507
Stolarski,0.000543749
Grzesik,0.000542979
Budzyński,0.000542428
Kawa,0.000542208
Pilch,0.000541658
Maciąg,0.000541548
Tokarz,0.000540667
Sołtysiak,0.000540117
Koper,0.000540117
Kłosowski,0.000539456
Jarząbek,0.000539456
Piłat,0.000539126
Wypych,0.000539016
Dąbkowski,0.000538906
Adamowicz,0.000538246
Kos,0.000537035
Bąkowski,0.000537035
Niedźwiecki,0.000536815
Chudzik,0.000536374
Przybył,0.000535164
Jagielski,0.000534503
Głąb,0.000533623
Porębski,0.000532632
Kasperek,0.000532522
Żyła,0.000532412
Surma,0.000532302
Stańczak,0.000531421
Miśkiewicz,0.000530871
Kaniewski,0.000530761
Czekaj,0.000530761
Wiącek,0.000530651
Jaros,0.000530541
Frątczak,0.000530541
Jurczak,0.00053021
Kalisz,0.00052999
Rudziński,0.00052944
Ziętek,0.000528339
Gorczyca,0.000526358
Buczkowski,0.000525477
Malik,0.000525257
Tracz,0.000524817
Bartnik,0.000523936
Ryś,0.000523826
Gadomski,0.000523606
Kuźma,0.000521515
Balcerzak,0.000521515
Prus,0.000520634
Kuciński,0.000520084
Sojka,0.000518653
Urbanek,0.000517662
Szeląg,0.000517662
Stachurski,0.000517442
Pietruszka,0.000515351
Moskal,0.000515131
Golec,0.00051458
Kopacz,0.00051403
Korzeniowski,0.00051359
Woliński,0.000512819
Białkowski,0.000512709
Czerniak,0.000512599
Furman,0.000512049
Błaszczak,0.000511388
Piotrowicz,0.000511278
Zabłocki,0.000509407
Stachowicz,0.000508637
Rudnik,0.000508306
Rudzki,0.000508086
Rybarczyk,0.000507096
Trela,0.000505114
Ślęzak,0.000505114
Warzecha,0.000504124
Urbanowicz,0.000504124
Sęk,0.000504124
Lesiak,0.000504124
Grudzień,0.000503794
Szuba,0.000503573
Radecki,0.000503573
Olczyk,0.000503573
Kostecki,0.000502693
Kuliński,0.000502253
Szymkowiak,0.000501702
Kujawski,0.000501042
Zimny,0.000500932
Magiera,0.000499831
Oleksy,0.000499391
Kosowski,0.000499281
Kmieć,0.00049884
Jurczyk,0.0004984
Budziński,0.00049818
Bielski,0.00049807
Ossowski,0.000497299
Skorupa,0.000496529
Woźnica,0.000494438
Pelc,0.000493997
Wojtasik,0.000493777
Pawlicki,0.000493007
Roman,0.000492897
Tomasik,0.000492676
Pełka,0.000492566
Kozik,0.000492456
Kawecki,0.000492456
Krakowski,0.000492126
Bieliński,0.000492126
Napierała,0.000491796
Romaniuk,0.000491135
Aleksandrowicz,0.000490915
Sobota,0.000490365
Banaszek,0.000489925
Kruczek,0.000489154
Stawicki,0.000487393
Mierzwa,0.000486512
Grześkowiak,0.000486182
Sobański,0.000483871
Sekuła,0.000483871
Gut,0.000483871
Śmigielski,0.00048321
Świder,0.00048255
Wołoszyn,0.000482
Pogorzelski,0.000481559
Miller,0.000480679
Mackiewicz,0.000480459
Wojtkowiak,0.000478587
Piwowarski,0.000477046
Piętka,0.000476716
Izdebski,0.000476716
Szwarc,0.000476166
Duszyński,0.000473524
Herman,0.000473084
Krasowski,0.000472644
Niedziela,0.000472093
Ratajczyk,0.000470882
Juszczyk,0.000470772
Krukowski,0.000470002
Makuch,0.000468791
Świątkowski,0.00046725
Litwin,0.00046725
Bogacz,0.00046714
Knap,0.00046703
Grudziński,0.00046648
Mańka,0.000465819
Kawka,0.000464829
Karcz,0.000464829
Szot,0.000463838
Jóźwik,0.000463508
Studziński,0.000463398
Śledź,0.000463288
Lorenc,0.000463177
Żuchowski,0.000462297
Szarek,0.000461306
Liszka,0.000461196
Biskup,0.000461196
Roszkowski,0.000459875
Filip,0.000459655
Polański,0.000459545
Wojda,0.000458114
Łukaszewicz,0.000458004
Drożdż,0.000457124
Siwiec,0.000456573
Roszak,0.000454482
Jeziorski,0.000454482
Gacek,0.000454262
Kędzior,0.000454152
Paprocki,0.000453491
Korczak,0.000453161
Kusiak,0.000453051
Rusek,0.000452721
Wiśniowski,0.000452391
Rożek,0.0004514
Tkacz,0.00045085
Jakubczyk,0.000449969
Bobrowski,0.000449969
Królak,0.000449309
Rybka,0.000447657
Kosmala,0.000447437
Borys,0.000446887
Kwiatek,0.000446777
Wrzesiński,0.000446227
Dymek,0.000445676
Sidor,0.000445126
Grabarczyk,0.000444796
Szopa,0.000444576
Kraszewski,0.000444576
Wach,0.000444465
Korzeniewski,0.000444135
Szkudlarek,0.000443695
Adamiec,0.000443695
Grzybek,0.000443365
Kukla,0.000443035
Mielcarek,0.000440613
Tokarczyk,0.000440173
Gola,0.000439953
Skonieczny,0.000439072
Maziarz,0.000438632
Hoffmann,0.000438191
Nowiński,0.000437971
Turowski,0.000437641
Małkowski,0.000437421
Werner,0.000437091
Śpiewak,0.000436871
Grodzki,0.00043643
Reszka,0.0004361
Kruszyński,0.00043599
Szymanek,0.00043555
Szczurek,0.00043533
Rzepecki,0.000434229
Kurzawa,0.000434229
Kępka,0.000433128
Rogoziński,0.000432798
Flak,0.000432468
Suski,0.000431807
Bogdański,0.000431587
Lewiński,0.000431037
Gąsiorek,0.000430927
Lipiec,0.000430266
Staszak,0.000429276
Perkowski,0.000428395
Kapuściński,0.000428395
Piech,0.000428285
Szeliga,0.000427845
Bartoszek,0.000427515
Smoleń,0.000427294
Olech,0.000427184
Jakubiec,0.000424763
Rokicki,0.000424543
Janczak,0.000424543
Paszkiewicz,0.000424433
Bugajski,0.000423662
Plichta,0.000423552
Kozakiewicz,0.000423552
Dziura,0.000423222
Wrzosek,0.000422892
Pękala,0.000422451
Olszak,0.000421351
Ambroziak,0.00042091
Kulpa,0.00042069
Wajda,0.00041981
Raczkowski,0.0004197
Białecki,0.0004197
Wasielewski,0.000419039
Majkowski,0.000418709
Radziszewski,0.000418379
Wojtowicz,0.000418269
Pisarek,0.000418269
Suchecki,0.000417938
Dzikowski,0.000417608
Kaźmierski,0.000417278
Dutkiewicz,0.000417278
Ciołek,0.000417168
Szpak,0.000416838
Czarnota,0.000416838
Adamczewski,0.000416838
Kupiec,0.000416618
Wyrzykowski,0.000416067
Kawalec,0.000415407
Bugaj,0.000415297
Kokoszka,0.000414966
Lange,0.000413315
Kokot,0.000412765
Gładysz,0.000411774
Rodak,0.000411444
Romański,0.000411224
Goliński,0.000410784
Piszczek,0.000410344
Karolak,0.000409903
Wielgus,0.000408913
Kaliński,0.000408582
Puchała,0.000408472
Dolata,0.000408252
Mączka,0.000408032
Barszcz,0.000408032
Banaszak,0.000407592
Konarski,0.000407372
Wojtaszek,0.000407151
Kochański,0.000407041
Jaskulski,0.000406931
Figura,0.000406381
Gołąbek,0.000406161
Biela,0.00040539
Szymanowski,0.00040506
Sułkowski,0.00040506
Biliński,0.00040506
Panasiuk,0.00040484
Bojarski,0.00040451
Solecki,0.00040418
Gabryś,0.000403959
Zapała,0.000403629
Ożóg,0.000403189
Smolarek,0.000402749
Brodowski,0.000402308
Stokłosa,0.000401978
Orzeł,0.000401978
Lasek,0.000401428
Łach,0.000401428
Płatek,0.000401098
Cichosz,0.000401098
Waszkiewicz,0.000400877
Kolasiński,0.000400767
Ferenc,0.000400767
Garbacz,0.000399777
Piechocki,0.000399447
Osowski,0.000398346
Pierzchała,0.000398236
Koprowski,0.000398236
Balicki,0.000398236
Schmidt,0.000398016
Czuba,0.000397795
Brzeski,0.000397355
Potocki,0.000397135
Szczygielski,0.000397025
Piskorz,0.000397025
Mach,0.000397025
Chrobak,0.000397025
Szymaniak,0.000396915
Pasek,0.000396144
Franczak,0.000395374
Surowiec,0.000395264
Bernat,0.000395044
Stępniewski,0.000394934
Świerczek,0.000394824
Róg,0.000394824
Traczyk,0.000394383
Mądry,0.000394163
Doliński,0.000393943
Sudoł,0.000393723
Plewa,0.000393283
Paradowski,0.000393283
Kostka,0.000393062
Kempa,0.000393062
Zborowski,0.000392952
Burek,0.000392952
Gruca,0.000392732
Wdowiak,0.000392622
Wagner,0.000391742
Paszek,0.000391742
Osuch,0.000391521
Burda,0.000391301
Pięta,0.000391191
Lorek,0.000390971
Grela,0.000390531
Filipczak,0.00038976
Matusik,0.00038965
Jamróz,0.00038965
Jaroszewski,0.00038899
Krauze,0.000388219
Błoński,0.000388109
Góralczyk,0.000387779
Walczyk,0.000387559
Świtała,0.000387559
Kozera,0.000387229
Stachowski,0.000386898
Ćwik,0.000386678
Antoniak,0.000386678
Okoń,0.000386568
Zarębski,0.000386348
Szadkowski,0.000386348
Sala,0.000386018
Kapica,0.000386018
Wąsowski,0.000385908
Drąg,0.000385908
Wójciak,0.000385798
Figiel,0.000385688
Lachowicz,0.000385137
Oleś,0.000384917
Czapliński,0.000384697
Ławniczak,0.000384587
Włoch,0.000384477
Kwaśny,0.000384367
Zawistowski,0.000383816
Modrzejewski,0.000383816
Kołodziejczak,0.000383596
Łoś,0.000383486
Mularczyk,0.000383376
Mrowiec,0.000383376
Ćwikliński,0.000382936
Brożek,0.000382826
Waligóra,0.000382496
Nalepa,0.000382496
Baron,0.000382386
Skwarek,0.000382275
Wachowiak,0.000382165
Grabski,0.000382165
